{"cameraMode":{"drawMode":0,"name":"Shaded","section":"Shading Mode"},"sceneLighting":true,"audioPlay":false,"sceneViewState":{"showFog":true,"showMaterialUpdate":true,"showSkybox":true,"showFlares":true,"showImageEffects":true,"showParticleSystems":true},"in2DMode":false,"pivot":{"x":-10.329339027404786,"y":-4.662930011749268,"z":3.4898364543914797},"rotation":{"x":0.25952842831611636,"y":0.3215901851654053,"z":-0.09212615340948105,"w":0.9059475064277649},"size":10.058572769165039,"orthographic":true}