{"cameraMode":{"drawMode":0,"name":"Shaded","section":"Shading Mode"},"sceneLighting":true,"audioPlay":false,"sceneViewState":{"showFog":true,"showMaterialUpdate":true,"showSkybox":true,"showFlares":true,"showImageEffects":true,"showParticleSystems":true},"in2DMode":false,"pivot":{"x":-8.571686744689942,"y":-4.180438995361328,"z":12.664196968078614},"rotation":{"x":-0.01341458223760128,"y":0.9810807704925537,"z":-0.1785268634557724,"w":-0.07371898740530014},"size":5.099839687347412,"orthographic":false}